female_profession,female_bias,male_profession,male_bias
cleaner,-0.6291512909093824,teacher,0.307625565428763
writer,-0.1399397086660017,,
engineer,-0.2101462935589968,,
mathematician,-0.6850490473639053,,
