female_profession,female_bias,male_profession,male_bias
cleaner,-0.6291512909093824,teacher,0.3076255654287631
writer,-0.1399397086660017,,
engineer,-0.2101462935589969,,
mathematician,-0.6850490473639053,,
