female_profession,female_bias,male_profession,male_bias
cleaner,-0.6291512909093824,teacher,0.30762556542876307
writer,-0.1399397086660017,,
engineer,-0.21014629355899683,,
mathematician,-0.6850490473639053,,
