token,bias,pos
shiny,-0.7367057637944021,ADJ
pregnant,-0.4450816836947862,ADJ
generous,-0.4376891059127679,ADJ
elegant,-0.3359216234685749,ADJ
vulnerable,-0.272795122715141,ADJ
long,-0.2224337087583561,ADV
tasty,-0.1427454290894865,ADJ
